"Zonas","Clientes","Volumen","DistanciaKm"
1,602,9080.5,274.475544842887
2,696,9513.999999996,251.94591198086
3,732,8317,161.641453876819
4,674,9528.999999996,205.173680837847
5,637,9557.999999996,317.135256396575
6,636,8401.5,182.514142229158
